Lib Organised Folder,File Name,Project Name,Version,License,Newer Version Avaliable,Reason Not Upgraded (if any),Home Page URL,Documentation URL,License URL
apache-commons,commons-fileupload-1.3.1.jar,Commons FileUpload,v 1.3.1,"APACHE LICENSE, VERSION 2.0",v 1.3.2,,https://commons.apache.org/proper/commons-fileupload/,https://commons.apache.org/proper/commons-fileupload/apidocs/index.html,http://www.apache.org/licenses/LICENSE-2.0
apache-commons,httpmime-4.3.jar,HTTP Components,v 4.3,"APACHE LICENSE, VERSION 2.0",v 5.0,,https://hc.apache.org/httpcomponents-client-ga/httpmime/dependency-info.html,https://hc.apache.org/httpcomponents-client-ga/httpclient/apidocs/,http://www.apache.org/licenses/LICENSE-2.0
apache-commons/codec-1.10,commons-codec-1.10.jar,Commons Codec,v 1.10,"APACHE LICENSE, VERSION 2.0",,,https://commons.apache.org/proper/commons-codec/,https://commons.apache.org/proper/commons-codec/archives/1.10/apidocs/index.html,http://www.apache.org/licenses/LICENSE-2.0
apache-commons/collections4-4.0,commons-collections4-4.0.jar,Commons Collections,v 4-4.0,"APACHE LICENSE, VERSION 2.0",,,https://commons.apache.org/proper/commons-collections/,https://commons.apache.org/proper/commons-collections/javadocs/api-release/index.html,http://www.apache.org/licenses/LICENSE-2.0
apache-commons/configuration-1.10,commons-configuration-1.10.jar,Commons Configuration,v 1.10,"APACHE LICENSE, VERSION 2.0",v 2.1,,https://commons.apache.org/proper/commons-configuration/,https://commons.apache.org/proper/commons-configuration/javadocs/v1.10/apidocs/index.html,http://www.apache.org/licenses/LICENSE-2.0
apache-commons/commons-exec-1.3,commons-exec-1.3.jar,Commons Exec,v 1.3,"APACHE LICENSE, VERSION 2.0",,,https://commons.apache.org/proper/commons-exec/,https://commons.apache.org/proper/commons-exec/apidocs/index.html,http://www.apache.org/licenses/LICENSE-2.0
apache-commons/commons-io-2.4,commons-io-2.4.jar,Commons IO,v 2.4,"APACHE LICENSE, VERSION 2.0",,,https://commons.apache.org/proper/commons-io/,https://commons.apache.org/proper/commons-io/javadocs/api-2.4/index.html,http://www.apache.org/licenses/LICENSE-2.0
apache-commons/commons-lang3-3.3.2,commons-lang3-3.3.2.jar,Commons Lang,V 3.3.2,"APACHE LICENSE, VERSION 2.0",v 3.4,,https://commons.apache.org/proper/commons-lang/,https://commons.apache.org/proper/commons-lang/javadocs/api-3.3.2/index.html,http://www.apache.org/licenses/LICENSE-2.0
apache-commons/commons-logging-1.2,commons-logging-1.2.jar,Commons Loggin,v 1.2,"APACHE LICENSE, VERSION 2.0",,,https://commons.apache.org/proper/commons-logging/,https://commons.apache.org/proper/commons-logging/javadocs/api-release/index.html,http://www.apache.org/licenses/LICENSE-2.0
apache-commons/commons-math3-3.4.1,commons-math3-3.4.1.jar,Common Math,v 3.4.1,"APACHE LICENSE, VERSION 2.0",v 3.6.1,,http://commons.apache.org/proper/commons-math/,http://commons.apache.org/proper/commons-math/javadocs/api-3.4.1/index.html,http://www.apache.org/licenses/LICENSE-2.0
apache-pdfbox,fontbox-2.0.2.jar,FontBox,v 2.0.2,"APACHE LICENSE, VERSION 2.0",v 2.0.3,,https://pdfbox.apache.org/index.html,https://pdfbox.apache.org/docs/2.0.2/javadocs/,http://www.apache.org/licenses/LICENSE-2.0
apache-pdfbox,pdfbox-2.0.2.jar,PDF Box,v 2.0.2,"APACHE LICENSE, VERSION 2.0",v 2.0.3,,https://pdfbox.apache.org/index.html,http://pdfbox.apache.org/docs/2.0.2/javadocs/,http://www.apache.org/licenses/LICENSE-2.0
apache-pdfbox,pdfbox-debugger-2.0.2.jar,Pdfbox Debugger,v 2.0.2,"APACHE LICENSE, VERSION 2.0",v 2.0.3,,https://pdfbox.apache.org/index.html,http://pdfbox.apache.org/docs/2.0.2/javadocs/,http://www.apache.org/licenses/LICENSE-2.0
apache-pdfbox,pdfbox-tools-2.0.2.jar,Pdfbox Tools,v 2.0.2,"APACHE LICENSE, VERSION 2.0",v 2.0.3,,https://pdfbox.apache.org/index.html,http://pdfbox.apache.org/docs/2.0.2/javadocs/,http://www.apache.org/licenses/LICENSE-2.0
apache-pdfbox,preflight-2.0.2.jar,Preflight,v 2.0.2,"APACHE LICENSE, VERSION 2.0",v 2.0.3,,https://pdfbox.apache.org/index.html,http://pdfbox.apache.org/docs/2.0.2/javadocs/,http://www.apache.org/licenses/LICENSE-2.0
apache-pdfbox,xmpbox-2.0.2.jar,Xmpbox,v 2.0.2,"APACHE LICENSE, VERSION 2.0",v 2.0.3,,https://pdfbox.apache.org/index.html,http://pdfbox.apache.org/docs/2.0.2/javadocs/,http://www.apache.org/licenses/LICENSE-2.0
aws-sdk,aws-java-sdk-1.10.64.jar,AWS SDK,v 1.10.64,"APACHE LICENSE, VERSION 2.0",v 1.11.39,,https://aws.amazon.com/sdk-for-java/,http://docs.aws.amazon.com/AWSJavaSDK/latest/javadoc/index.html?overview-summary.html,http://aws.amazon.com/apache2.0
aws-sdk/aspectj-1.6,aspectjrt.jar,AspectJ,v 1.6,ECLIPSE PUBLIC LICENSE - V 1.0,v 1.8.9,,https://eclipse.org/aspectj,https://eclipse.org/aspectj/doc/released/index.html,http://www.eclipse.org/legal/epl-v10.html
aws-sdk/aspectj-1.6,aspectjweaver.jar,Aspectj Weaver ,v 1.6,ECLIPSE PUBLIC LICENSE - V 1.0,v 1.9.0.BETA-1,,https://eclipse.org/aspectj,http://www.eclipse.org/aspectj/doc/next/weaver-api/org/aspectj/weaver/tools/package-summary.html,http://www.eclipse.org/legal/epl-v10.html
aws-sdk/freemarker-2.3.18,freemarker-2.3.18.jar,FreeMarker ,v 2.3.18,"GNU LIBRARY GENERAL PUBLIC, VERSION 2",v 2.3.25,,http://freemarker.org/freemarkerdownload.html,http://freemarker.org/docs/api/,http://freemarker.org/docs/app_license.html
aws-sdk/httpcomponents-client-4.3,httpclient-4.3.jar,Http Components Client,v 4.3,"APACHE LICENSE, VERSION 2.0",v 4.5.2,,https://hc.apache.org/httpcomponents-client-ga/index.html,https://hc.apache.org/httpcomponents-client-ga/httpclient/apidocs/,http://www.apache.org/licenses/LICENSE-2.0
aws-sdk/httpcomponents-client-4.3,httpcore-4.3.jar,Http Components Client,v 4.3,"APACHE LICENSE, VERSION 2.0",v 4.4.5,,https://hc.apache.org/httpcomponents-core-ga/index.html,https://hc.apache.org/httpcomponents-core-4.3.x/httpcore/apidocs/index.html?overview-summary.html,http://www.apache.org/licenses/LICENSE-2.0
aws-sdk/spring-3.0,spring-beans-3.0.7.jar,Spring Beans,v 3.0.7,"APACHE LICENSE, VERSION 2.0",v 4.3.3,,http://grepcode.com/project/repo1.maven.org/maven2/org.springframework/spring-beans/,http://docs.spring.io/spring-framework/docs/current/javadoc-api/,http://www.apache.org/licenses/LICENSE-2.0
aws-sdk/spring-3.0,spring-context-3.0.7.jar,Spring Context,v 3.0.7,"APACHE LICENSE, VERSION 2.0",v 4.3.3,,http://grepcode.com/project/repo1.maven.org/maven2/org.springframework/spring-context/,http://docs.spring.io/spring-framework/docs/current/javadoc-api/,http://www.apache.org/licenses/LICENSE-2.0
aws-sdk/spring-3.0,spring-core-3.0.7.jar,Spring Core,v 3.0.7,"APACHE LICENSE, VERSION 2.0",v 4.3.3,,http://grepcode.com/project/repo1.maven.org/maven2/org.springframework/spring-core/,http://docs.spring.io/spring-framework/docs/current/javadoc-api/,http://www.apache.org/licenses/LICENSE-2.0
batik,batik-CUSTOM.jar,Apache Batik ,,"APACHE LICENSE, VERSION 2.0",v 7.1,,https://xmlgraphics.apache.org/batik/,https://xmlgraphics.apache.org/batik/javadoc/,http://www.apache.org/licenses/LICENSE-2.0
batik,batik-anim.jar,Apache Batik ,,"APACHE LICENSE, VERSION 2.0",v 7.1,,https://xmlgraphics.apache.org/batik/,https://xmlgraphics.apache.org/batik/javadoc/,http://www.apache.org/licenses/LICENSE-2.0
batik,batik-awt-util.jar,Apache Batik ,,"APACHE LICENSE, VERSION 2.0",v 7.1,,https://xmlgraphics.apache.org/batik/,https://xmlgraphics.apache.org/batik/javadoc/,http://www.apache.org/licenses/LICENSE-2.0
batik,batik-bridge.jar,Apache Batik ,,"APACHE LICENSE, VERSION 2.0",v 7.1,,https://xmlgraphics.apache.org/batik/,https://xmlgraphics.apache.org/batik/javadoc/,http://www.apache.org/licenses/LICENSE-2.0
batik,batik-codec.jar,Apache Batik ,,"APACHE LICENSE, VERSION 2.0",v 7.1,,https://xmlgraphics.apache.org/batik/,https://xmlgraphics.apache.org/batik/javadoc/,http://www.apache.org/licenses/LICENSE-2.0
batik,batik-css.jar,Apache Batik ,,"APACHE LICENSE, VERSION 2.0",v 7.1,,https://xmlgraphics.apache.org/batik/,https://xmlgraphics.apache.org/batik/javadoc/,http://www.apache.org/licenses/LICENSE-2.0
batik,batik-dom.jar,Apache Batik ,,"APACHE LICENSE, VERSION 2.0",v 7.1,,https://xmlgraphics.apache.org/batik/,https://xmlgraphics.apache.org/batik/javadoc/,http://www.apache.org/licenses/LICENSE-2.0
batik,batik-ext.jar,Apache Batik ,,"APACHE LICENSE, VERSION 2.0",v 7.1,,https://xmlgraphics.apache.org/batik/,https://xmlgraphics.apache.org/batik/javadoc/,http://www.apache.org/licenses/LICENSE-2.0
batik,batik-extension.jar,Apache Batik ,,"APACHE LICENSE, VERSION 2.0",v 7.1,,https://xmlgraphics.apache.org/batik/,https://xmlgraphics.apache.org/batik/javadoc/,http://www.apache.org/licenses/LICENSE-2.0
batik,batik-gui-util.jar,Apache Batik ,,"APACHE LICENSE, VERSION 2.0",v 7.1,,https://xmlgraphics.apache.org/batik/,https://xmlgraphics.apache.org/batik/javadoc/,http://www.apache.org/licenses/LICENSE-2.0
batik,batik-gvt.jar,Apache Batik ,,"APACHE LICENSE, VERSION 2.0",v 7.1,,https://xmlgraphics.apache.org/batik/,https://xmlgraphics.apache.org/batik/javadoc/,http://www.apache.org/licenses/LICENSE-2.0
batik,batik-parser.jar,Apache Batik ,,"APACHE LICENSE, VERSION 2.0",v 7.1,,https://xmlgraphics.apache.org/batik/,https://xmlgraphics.apache.org/batik/javadoc/,http://www.apache.org/licenses/LICENSE-2.0
batik,batik-rasterizer.jar,Apache Batik ,,"APACHE LICENSE, VERSION 2.0",v 7.1,,https://xmlgraphics.apache.org/batik/,https://xmlgraphics.apache.org/batik/javadoc/,http://www.apache.org/licenses/LICENSE-2.0
batik,batik-script.jar,Apache Batik ,,"APACHE LICENSE, VERSION 2.0",v 7.1,,https://xmlgraphics.apache.org/batik/,https://xmlgraphics.apache.org/batik/javadoc/,http://www.apache.org/licenses/LICENSE-2.0
batik,batik-slideshow.jar,Apache Batik ,,"APACHE LICENSE, VERSION 2.0",v 7.1,,https://xmlgraphics.apache.org/batik/,https://xmlgraphics.apache.org/batik/javadoc/,http://www.apache.org/licenses/LICENSE-2.0
batik,batik-squiggle.jar,Apache Batik ,,"APACHE LICENSE, VERSION 2.0",v 7.1,,https://xmlgraphics.apache.org/batik/,https://xmlgraphics.apache.org/batik/javadoc/,http://www.apache.org/licenses/LICENSE-2.0
batik,batik-svg-dom.jar,Apache Batik ,,"APACHE LICENSE, VERSION 2.0",v 7.1,,https://xmlgraphics.apache.org/batik/,https://xmlgraphics.apache.org/batik/javadoc/,http://www.apache.org/licenses/LICENSE-2.0
batik,batik-svggen.jar,Apache Batik ,,"APACHE LICENSE, VERSION 2.0",v 7.1,,https://xmlgraphics.apache.org/batik/,https://xmlgraphics.apache.org/batik/javadoc/,http://www.apache.org/licenses/LICENSE-2.0
batik,batik-svgpp.jar,Apache Batik ,,"APACHE LICENSE, VERSION 2.0",v 7.1,,https://xmlgraphics.apache.org/batik/,https://xmlgraphics.apache.org/batik/javadoc/,http://www.apache.org/licenses/LICENSE-2.0
batik,batik-swing.jar,Apache Batik ,,"APACHE LICENSE, VERSION 2.0",v 7.1,,https://xmlgraphics.apache.org/batik/,https://xmlgraphics.apache.org/batik/javadoc/,http://www.apache.org/licenses/LICENSE-2.0
batik,batik-transcoder.jar,Apache Batik ,,"APACHE LICENSE, VERSION 2.0",v 7.1,,https://xmlgraphics.apache.org/batik/,https://xmlgraphics.apache.org/batik/javadoc/,http://www.apache.org/licenses/LICENSE-2.0
batik,batik-ttf2svg.jar,Apache Batik ,,"APACHE LICENSE, VERSION 2.0",v 7.1,,https://xmlgraphics.apache.org/batik/,https://xmlgraphics.apache.org/batik/javadoc/,http://www.apache.org/licenses/LICENSE-2.0
batik,batik-util.jar,Apache Batik ,,"APACHE LICENSE, VERSION 2.0",v 7.1,,https://xmlgraphics.apache.org/batik/,https://xmlgraphics.apache.org/batik/javadoc/,http://www.apache.org/licenses/LICENSE-2.0
batik,batik-xml.jar,Apache Batik ,,"APACHE LICENSE, VERSION 2.0",v 7.1,,https://xmlgraphics.apache.org/batik/,https://xmlgraphics.apache.org/batik/javadoc/,http://www.apache.org/licenses/LICENSE-2.0
batik,xml-apis-ext.jar,Apache Batik ,,"APACHE LICENSE, VERSION 2.0",,, http://xml.apache.org/commons/components/external/,https://xerces.apache.org/xerces2-j/javadocs/api/,http://www.apache.org/licenses/LICENSE-2.0
batik,xml-apis.jar,Apache Batik ,,"APACHE LICENSE, VERSION 2.0",,,http://xerces.apache.org/xml-commons/components/external/,https://xerces.apache.org/xerces2-j/javadocs/api/,http://www.apache.org/licenses/LICENSE-2.0
conv,jmte-3.1.jar,Java Minimal Template Engine,v 3.1,"APACHE LICENSE, VERSION 2.0",v  3.2.0,,https://code.google.com/archive/p/jmte/,,http://www.apache.org/licenses/LICENSE-2.0
conv,jsoup-1.9.2.jar,Jsoup ,v 1.9.2,THE MIT LICENSE,,,https://jsoup.org/,https://jsoup.org/apidocs/,https://jsoup.org/license
conv,lesscss-1.7.0.1.1.jar,Lesscss Compiler,v 1.7.0.1.1,"APACHE LICENSE, VERSION 2.0",,,http://github.com/marceloverdijk/lesscss-java,,http://www.apache.org/licenses/LICENSE-2.0
conv,rhino-1.7.7.jar,Mozilla Rhino,v 1.7.7,"Mozilla Public License, Version 2.0",,,https://developer.mozilla.org/en/Rhino,http://www-archive.mozilla.org/rhino/apidocs/,http://www.mozilla.org/MPL/2.0/index.txt
conv/closure-compiler,closure-compiler-v20160713.jar,Closure Compiler,v 20160713,"APACHE LICENSE, VERSION 2.0",v r2388,,https://developers.google.com/closure/compiler/,https://developers.google.com/closure/compiler/docs/api-ref,http://www.apache.org/licenses/LICENSE-2.0
conv/json,jackson-annotations-2.8.0.rc2.jar,Jackson Annotations,v 2.8.0.rc2,"APACHE LICENSE, VERSION 2.0",v 2.8.3,,http://wiki.fasterxml.com/JacksonHome,http://www.javadoc.io/doc/com.fasterxml.jackson.core/jackson-annotations/2.8.0,http://www.apache.org/licenses/LICENSE-2.0
conv/json,jackson-core-2.8.0.rc2.jar,Jackson Core,v 2.8.0.rc2,"APACHE LICENSE, VERSION 2.0",v 2.8.3,,https://github.com/FasterXML/jackson-core,http://www.javadoc.io/doc/com.fasterxml.jackson.core/jackson-core/2.8.0,http://www.apache.org/licenses/LICENSE-2.0
conv/json,jackson-databind-2.8.0.rc2.jar,Jackson Databind,v 2.8.0.rc2,"APACHE LICENSE, VERSION 2.0",v 2.8.3,,http://github.com/FasterXML/jackson,http://www.javadoc.io/doc/com.fasterxml.jackson.core/jackson-databind/2.8.0,http://www.apache.org/licenses/LICENSE-2.0
encrypt,zip4j_1.3.2.jar,Zip4j,v 1.3.2,"APACHE LICENSE, VERSION 2.0",,,http://www.lingala.net/zip4j/,http://javadox.com/net.lingala.zip4j/zip4j/1.3.2net/lingala/zip4j/,http://www.apache.org/licenses/LICENSE-2.0
encrypt/bouncy-castle,bcmail-jdk15-1.40.jar,Bouncy Castle CMS And S/MIME API ,v 1.40,BOUNCY CASTLE LICENCE,v 1.46,,http://www.bouncycastle.org/java.html,http://www.bouncycastle.org/latest_releases.html,http://www.bouncycastle.org/licence.html
encrypt/bouncy-castle,bcpkix-jdk15on-1.47.jar,"Bouncy Castle PKIX, CMS, EAC, TSP, PKCS, OCSP, CMP, And CRMF APIs",v 1.47,BOUNCY CASTLE LICENCE,v 1.55,,http://www.bouncycastle.org/java.html,http://www.bouncycastle.org/latest_releases.html,http://www.bouncycastle.org/licence.html
encrypt/bouncy-castle,bcprov-jdk15on-151.jar,Bouncy Castle Provider,v 151,BOUNCY CASTLE LICENCE,v 1.55,,http://www.bouncycastle.org/java.html,http://www.bouncycastle.org/latest_releases.html,http://www.bouncycastle.org/licence.html
fileUtils,ini4j-0.5.2.jar,Ini4j,v 0.5.2,"APACHE LICENSE, VERSION 2.0",v 0.5.4,,http://www.ini4j.org,http://ini4j.sourceforge.net/apidocs/,http://www.apache.org/licenses/LICENSE-2.0
fileUtils/encrypt,winzipaes-1.0.1.jar,Winzipaes,v 1.0.1,"APACHE LICENSE, VERSION 2.0",,,http://code.google.com/p/winzipaes/,https://code.google.com/archive/p/winzipaes/,http://www.apache.org/licenses/LICENSE-2.0
fileUtils/pdf,core-renderer.jar,XHTMLRenderer Core Renderer,,"GNU LESSER GENERAL PUBLIC LICENSE (LGPL), VERSION 2.1",v R8,,https://xhtmlrenderer.dev.java.net/,http://javadox.com/org.xhtmlrenderer,http://www.gnu.org/licenses/old-licenses/lgpl-2.1.html
fileUtils/pdf,iText-2.0.8.jar,Itext,v 2.0.8,"GNU LESSER GENERAL PUBLIC LICENSE (LGPL), VERSION 2.1",v 4.2.2,New version is AGPL,http://www.lowagie.com/iText/,http://itextsupport.com/apidocs/itext5/latest/, http://www.fsf.org/licensing/licenses/agpl-3.0.html
google-guava,guava-19.0-rc2.jar,Guava,v 19.0-rc2,"APACHE LICENSE, VERSION 2.0",v 19.0,,https://github.com/google/guava/wiki,http://google.github.io/guava/releases/19.0/api/docs/,http://www.apache.org/licenses/LICENSE-2.0
hazelcast/client,hazelcast-client-3.4.jar,Hazelcast Client,v 3.4,"APACHE LICENSE, VERSION 2.0",v 3.7.1,,https://hazelcast.org/clients/java/,http://docs.hazelcast.org/docs/3.4/javadoc/,http://www.apache.org/licenses/LICENSE-2.0
hazelcast/server,hazelcast-3.4.jar,Hazelcast,v 3.4,"APACHE LICENSE, VERSION 2.0",v 3.7.1,,https://hazelcast.org/clients/java/,http://docs.hazelcast.org/docs/3.4/javadoc/,http://www.apache.org/licenses/LICENSE-2.0
jCache/elasticsearch/elasticsearch-5.0.0-alpha3/lib,HdrHistogram-2.1.6.jar,HdrHistogram,v 2.1.6,"PUBLIC DOMAIN, PER CREATIVE COMMONS CC0",v 2.1.9,,http://hdrhistogram.github.io/HdrHistogram/,http://hdrhistogram.github.io/HdrHistogram/JavaDoc/,http://creativecommons.org/publicdomain/zero/1.0/
jCache/elasticsearch/elasticsearch-5.0.0-alpha3/lib,apache-log4j-extras-1.2.17.jar,Apache Extras For Apache Log4j,v 1.2.17,"APACHE LICENSE, VERSION 2.0",,,http://logging.apache.org/log4j/extras,http://logging.apache.org/log4j/extras/apidocs/index.html,http://www.apache.org/licenses/LICENSE-2.0
jCache/elasticsearch/elasticsearch-5.0.0-alpha3/lib,elasticsearch-5.0.0-alpha3.jar,Elasticsearch subproject :core,v 5.0.0-alpha3,"APACHE LICENSE, VERSION 2.0",v 5.0.0-beta1,,https://github.com/elastic/elasticsearch,https://www.elastic.co/guide/en/elasticsearch/client/java-api/5.0/java-docs-get.html,http://www.apache.org/licenses/LICENSE-2.0
jCache/elasticsearch/elasticsearch-5.0.0-alpha3/lib,hppc-0.7.1.jar,HPPC Collections,v 0.7.1,"APACHE LICENSE, VERSION 2.0",,,http://labs.carrotsearch.com/hppc.html,http://carrotsearch.github.io/hppc/releases/0.7.1/api/,http://www.apache.org/licenses/LICENSE-2.0
jCache/elasticsearch/elasticsearch-5.0.0-alpha3/lib,jackson-dataformat-cbor-2.7.1.jar,Jackson Dataformat: CBOR,v 2.7.1,"APACHE LICENSE, VERSION 2.0",v 2.8.3,,http://github.com/FasterXML/jackson-dataformats-binary,http://www.javadoc.io/doc/com.fasterxml.jackson.dataformat/jackson-dataformat-cbor/2.7.1,http://www.apache.org/licenses/LICENSE-2.0
jCache/elasticsearch/elasticsearch-5.0.0-alpha3/lib,jackson-dataformat-smile-2.7.1.jar,Jackson Dataformat: Smile,v 2.7.1,"APACHE LICENSE, VERSION 2.0",v 2.8.3,,http://github.com/FasterXML/jackson-dataformats-binary,http://www.javadoc.io/doc/com.fasterxml.jackson.dataformat/jackson-dataformat-smile/2.7.1,http://www.apache.org/licenses/LICENSE-2.0
jCache/elasticsearch/elasticsearch-5.0.0-alpha3/lib,jackson-dataformat-yaml-2.7.1.jar,Jackson Dataformat YAML,v 2.7.1,"APACHE LICENSE, VERSION 2.0",v 2.8.3,,https://github.com/FasterXML/jackson,http://www.javadoc.io/doc/com.fasterxml.jackson.dataformat/jackson-dataformat-yaml/2.7.1,http://www.apache.org/licenses/LICENSE-2.0
jCache/elasticsearch/elasticsearch-5.0.0-alpha3/lib,jna-4.1.0.jar,Java Native Access,v 4.1.0,"LGPL, VERSION 2.1ASL, VERSION 2",v  4.2.2,,https://github.com/java-native-access/jna,http://java-native-access.github.io/jna/4.1.0/,"http://www.gnu.org/licenses/licenses.htmlhttp://www.apache.org/licenses/LICENSE-2.0"
jCache/elasticsearch/elasticsearch-5.0.0-alpha3/lib,joda-convert-1.2.jar,Joda Convert,v 1.2,"APACHE LICENSE, VERSION 2.0",v 1.8.1,,http://www.joda.org/joda-convert/,http://www.joda.org/joda-convert/apidocs/index.html,http://www.apache.org/licenses/LICENSE-2.0
jCache/elasticsearch/elasticsearch-5.0.0-alpha3/lib,joda-time-2.8.2.jar,Joda Time,v 2.8.2,"APACHE LICENSE, VERSION 2.0",v 2.9.4,,http://www.joda.org/joda-time/,http://www.joda.org/joda-time/apidocs/index.html,http://www.apache.org/licenses/LICENSE-2.0
jCache/elasticsearch/elasticsearch-5.0.0-alpha3/lib,jopt-simple-4.9.jar,JOpt Simple,v 4.9,THE MIT LICENSE,v 5.0.3,,http://pholser.github.io/jopt-simple,https://pholser.github.io/jopt-simple/apidocs/help-doc.html,http://www.opensource.org/licenses/mit-license.php
jCache/elasticsearch/elasticsearch-5.0.0-alpha3/lib,jts-1.13.jar,JTS Topology Suite,v 1.13,LESSER GENERAL PUBLIC LICENSE (LGPL),,,http://sourceforge.net/projects/jts-topo-suite,http://tsusiatsoftware.net/jts/javadoc/index.html,http://www.gnu.org/copyleft/lesser.txt
jCache/elasticsearch/elasticsearch-5.0.0-alpha3/lib,log4j-1.2.17.jar,Apache Log4j,v 1.2.17,"APACHE LICENSE, VERSION 2.0",v1.2.17-atlassian-1,,http://logging.apache.org/log4j/1.2/,https://logging.apache.org/log4j/1.2/apidocs/,http://www.apache.org/licenses/LICENSE-2.0
jCache/elasticsearch/elasticsearch-5.0.0-alpha3/lib,lucene-analyzers-common-6.0.0.jar,Lucene Common Analyzers,v 6.0.0,"APACHE LICENSE, VERSION 2.0",v 6.2.1,,https://lucene.apache.org/core/,https://lucene.apache.org/core/6_0_0/analyzers-common/overview-summary.html,http://www.apache.org/licenses/LICENSE-2.0
jCache/elasticsearch/elasticsearch-5.0.0-alpha3/lib,lucene-backward-codecs-6.0.0.jar,Lucene Memory,v 6.0.0,"APACHE LICENSE, VERSION 2.0",v 6.2.1,,https://lucene.apache.org/core/,https://lucene.apache.org/core/6_0_0/backward-codecs/overview-summary.html,http://www.apache.org/licenses/LICENSE-2.0
jCache/elasticsearch/elasticsearch-5.0.0-alpha3/lib,lucene-core-6.0.0.jar,Lucene Core   ,v 6.0.0,"APACHE LICENSE, VERSION 2.0",v r1211247,,https://lucene.apache.org/core/,https://lucene.apache.org/core/6_0_0/core/overview-summary.html,http://www.apache.org/licenses/LICENSE-2.0
jCache/elasticsearch/elasticsearch-5.0.0-alpha3/lib,lucene-grouping-6.0.0.jar,Lucene Grouping ,v 6.0.0,"APACHE LICENSE, VERSION 2.0",v 6.2.1,,https://lucene.apache.org/core/,https://lucene.apache.org/core/6_0_0/grouping/overview-summary.html,http://www.apache.org/licenses/LICENSE-2.0
jCache/elasticsearch/elasticsearch-5.0.0-alpha3/lib,lucene-highlighter-6.0.0.jar,Lucene Highlighter ,v 6.0.0,"APACHE LICENSE, VERSION 2.0",v 6.2.1,,https://lucene.apache.org/core/,https://lucene.apache.org/core/6_0_0/highlighter/overview-summary.html,http://www.apache.org/licenses/LICENSE-2.0
jCache/elasticsearch/elasticsearch-5.0.0-alpha3/lib,lucene-join-6.0.0.jar,Lucene Join,v 6.0.0,"APACHE LICENSE, VERSION 2.0",v 6.2.1,,https://lucene.apache.org/core/,https://lucene.apache.org/core/6_0_0/join/overview-summary.html,http://www.apache.org/licenses/LICENSE-2.0
jCache/elasticsearch/elasticsearch-5.0.0-alpha3/lib,lucene-memory-6.0.0.jar,Lucene Memory,v 6.0.0,"APACHE LICENSE, VERSION 2.0",v 6.2.1,,https://lucene.apache.org/core/,https://lucene.apache.org/core/6_0_0/memory/overview-summary.html,http://www.apache.org/licenses/LICENSE-2.0
jCache/elasticsearch/elasticsearch-5.0.0-alpha3/lib,lucene-misc-6.0.0.jar,Lucene Miscellaneous,v 6.0.0,"APACHE LICENSE, VERSION 2.0",v 6.2.1,,https://lucene.apache.org/core/,https://lucene.apache.org/core/6_0_0/misc/overview-summary.html,http://www.apache.org/licenses/LICENSE-2.0
jCache/elasticsearch/elasticsearch-5.0.0-alpha3/lib,lucene-queries-6.0.0.jar,Lucene QueryParsers ,v 6.0.0,"APACHE LICENSE, VERSION 2.0",v 6.2.1,,https://lucene.apache.org/core/,https://lucene.apache.org/core/6_0_0/queries/overview-summary.html,http://www.apache.org/licenses/LICENSE-2.0
jCache/elasticsearch/elasticsearch-5.0.0-alpha3/lib,lucene-queryparser-6.0.0.jar,Lucene QueryParsers,v 6.0.0,"APACHE LICENSE, VERSION 2.0",v 6.2.1,,https://lucene.apache.org/core/,https://lucene.apache.org/core/6_0_0/queryparser/overview-summary.html,http://www.apache.org/licenses/LICENSE-2.0
jCache/elasticsearch/elasticsearch-5.0.0-alpha3/lib,lucene-sandbox-6.0.0.jar,Lucene Sandbox,v 6.0.0,"APACHE LICENSE, VERSION 2.0",v 6.2.1,,https://lucene.apache.org/core/,https://lucene.apache.org/core/6_0_0/sandbox/overview-summary.html,http://www.apache.org/licenses/LICENSE-2.0
jCache/elasticsearch/elasticsearch-5.0.0-alpha3/lib,lucene-spatial-6.0.0.jar,Lucene Spatial,v 6.0.0,"APACHE LICENSE, VERSION 2.0",v 6.2.1,,https://lucene.apache.org/core/,https://lucene.apache.org/core/6_0_0/spatial/overview-summary.html,http://www.apache.org/licenses/LICENSE-2.0
jCache/elasticsearch/elasticsearch-5.0.0-alpha3/lib,lucene-spatial-extras-6.0.0.jar,Lucene Spatial Extras,v 6.0.0,"APACHE LICENSE, VERSION 2.0",v 6.2.1,,https://lucene.apache.org/core/,https://lucene.apache.org/core/6_0_0/spatial-extras/overview-summary.html,http://www.apache.org/licenses/LICENSE-2.0
jCache/elasticsearch/elasticsearch-5.0.0-alpha3/lib,lucene-spatial3d-6.0.0.jar,Lucene Spatial 3D,v 6.0.0,"APACHE LICENSE, VERSION 2.0",v 6.2.1,,https://lucene.apache.org/core/,https://lucene.apache.org/core/6_0_0/spatial3d/overview-summary.html,http://www.apache.org/licenses/LICENSE-2.0
jCache/elasticsearch/elasticsearch-5.0.0-alpha3/lib,lucene-suggest-6.0.0.jar,Lucene Suggest,v 6.0.0,"APACHE LICENSE, VERSION 2.0",v 6.2.1,,https://lucene.apache.org/core/,https://lucene.apache.org/core/6_0_0/suggest/overview-summary.html,http://www.apache.org/licenses/LICENSE-2.0
jCache/elasticsearch/elasticsearch-5.0.0-alpha3/lib,netty-3.10.5.Final.jar,Netty/All In One,v 3.10.5,"APACHE LICENSE, VERSION 2.0",v 4.0.0.Alpha8,, http://netty.io/,http://netty.io/3.10/api/org/jboss/netty/channel/ChannelStateEvent.html,http://www.apache.org/licenses/LICENSE-2.0
jCache/elasticsearch/elasticsearch-5.0.0-alpha3/lib,securesm-1.0.jar,Elasticsearch SecureSM,v 1.0,"APACHE LICENSE, VERSION 2.0",,,https://www.elastic.co/products/elasticsearch,https://docs.oracle.com/javase/7/docs/api/java/lang/SecurityManager.html,http://www.apache.org/licenses/LICENSE-2.0
jCache/elasticsearch/elasticsearch-5.0.0-alpha3/lib,spatial4j-0.6.jar,Spatial4J,v 0.6,"APACHE LICENSE, VERSION 2.0",,,http://spatial4j.com,https://locationtech.github.io/spatial4j/apidocs/index.html?help-doc.html,http://www.apache.org/licenses/LICENSE-2.0
jCache/elasticsearch/elasticsearch-5.0.0-alpha3/lib,t-digest-3.0.jar,T Digest,v 3.0,"APACHE LICENSE, VERSION 2.0",v 3.1,,https://github.com/tdunning/t-digest,https://www.rpmfind.net/linux/rpm2html/search.php?query=t-digest-javadoc,http://www.apache.org/licenses/LICENSE-2.0
jCache/elasticsearch/elasticsearch-5.0.0-alpha3/modules/ingest-grok,ingest-grok-5.0.0-alpha3.jar,Ingest Grok,v 5.0.0-alpha3,"APACHE LICENSE, VERSION 2.0",,,https://www.elastic.co/products/elasticsearch,https://www.elastic.co/guide/en/elasticsearch/reference/5.0/ingest-apis.html,http://www.apache.org/licenses/LICENSE-2.0
jCache/elasticsearch/elasticsearch-5.0.0-alpha3/modules/ingest-grok,jcodings-1.0.12.jar,JCodings ,v 1.0.12,MIT LICENSE,v 1.0.18,,https://www.elastic.co/products/elasticsearch,https://jar-download.com/java-documentation-javadoc.php?a=jcodings&g=org.jruby.jcodings&v=1.0.12,http://www.opensource.org/licenses/mit-license.php
jCache/elasticsearch/elasticsearch-5.0.0-alpha3/modules/ingest-grok,joni-2.1.6.jar,Joni,v 2.1.6,MIT LICENSE,v 2.1.11,,https://www.elastic.co/products/elasticsearch,http://support.objecteering.com/objecteering6.1/help/us/joni_mda_api/index.html,http://www.opensource.org/licenses/mit-license.php
jCache/elasticsearch/elasticsearch-5.0.0-alpha3/modules/lang-expression,antlr4-runtime-4.5.1-1.jar,ANTLR 4 Runtime ,v 4.5.1-1,THE BSD LICENSE,v 4.5.3,,https://github.com/antlr/antlr4/releases,http://www.antlr.org/api/Java/,http://www.antlr.org/license.html
jCache/elasticsearch/elasticsearch-5.0.0-alpha3/modules/lang-expression,asm-5.0.4.jar,ASM Core,v 5.0.4,"APACHE LICENSE, VERSION 2.0BSD",v 6.0_ALPHA,,http://asm.ow2.org/,http://javadox.com/org.ow2.asm/asm/5.0.4/overview-summary.html,"http://www.apache.org/licenses/LICENSE-2.0http://asm.objectweb.org/license.html"
jCache/elasticsearch/elasticsearch-5.0.0-alpha3/modules/lang-expression,asm-commons-5.0.4.jar,ASM Commons,v 5.0.4,"APACHE LICENSE, VERSION 2.0BSD",v 6.0_ALPHA,,http://asm.ow2.org/,http://javadox.com/org.ow2.asm/asm-commons/5.0.4/overview-summary.html,"http://www.apache.org/licenses/LICENSE-2.0http://asm.objectweb.org/license.html"
jCache/elasticsearch/elasticsearch-5.0.0-alpha3/modules/lang-expression,asm-tree-5.0.4.jar,ASM Tree,v 5.0.4,"APACHE LICENSE, VERSION 2.0BSD",v 6.0_ALPHA,,http://asm.ow2.org/,http://javadox.com/org.ow2.asm/asm-tree/5.0.4/overview-summary.html,"http://www.apache.org/licenses/LICENSE-2.0http://asm.objectweb.org/license.html "
jCache/elasticsearch/elasticsearch-5.0.0-alpha3/modules/lang-expression,lang-expression-5.0.0-alpha3.jar,Language: Expression,v 5.0.0,"APACHE LICENSE, VERSION 2.0",,,https://www.elastic.co/products/elasticsearch,https://lucene.apache.org/core/5_0_0/expressions/index.html?org/apache/lucene/expressions/Expression.html,http://www.apache.org/licenses/LICENSE-2.0
jCache/elasticsearch/elasticsearch-5.0.0-alpha3/modules/lang-expression,lucene-expressions-6.0.0.jar,Lucene Expressions,v 6.0.0,"APACHE LICENSE, VERSION 2.0",v 6.2.1,,https://www.elastic.co/products/elasticsearch,https://lucene.apache.org/core/6_0_0/expressions/org/apache/lucene/expressions/Expression.html,http://www.apache.org/licenses/LICENSE-2.0
jCache/elasticsearch/elasticsearch-5.0.0-alpha3/modules/lang-groovy,groovy-2.4.6-indy.jar,Apache Groovy,v 2.4.6-indy,"APACHE LICENSE, VERSION 2.0",v 2.4.7,, http://groovy-lang.org,http://docs.groovy-lang.org/docs/groovy-2.4.6/html/groovy-jdk/,http://www.apache.org/licenses/LICENSE-2.0
jCache/elasticsearch/elasticsearch-5.0.0-alpha3/modules/lang-groovy,lang-groovy-5.0.0-alpha3.jar,Lang Groovy ,v 5.0.0-alpha3,"APACHE LICENSE, VERSION 2.0",,, http://groovy-lang.org,http://docs.groovy-lang.org/latest/html/api/groovy/lang/package-summary.html,http://www.apache.org/licenses/LICENSE-2.0
jCache/elasticsearch/elasticsearch-5.0.0-alpha3/modules/lang-mustache,compiler-0.9.1.jar,Compiler ,v 0.9.1,"APACHE LICENSE, VERSION 2.0",v 0.9.4,,http://github.com/spullara/mustache.java,http://mustachejava.s3-website-us-west-1.amazonaws.com/apidocs/index.html?help-doc.html,http://www.apache.org/licenses/LICENSE-2.0
jCache/elasticsearch/elasticsearch-5.0.0-alpha3/modules/lang-mustache,lang-mustache-5.0.0-alpha3.jar,Lang Mustache,v 5.0.0,"APACHE LICENSE, VERSION 2.0",v 5.0.0-beta1,, https://github.com/elastic/elasticsearch,https://www.elastic.co/guide/en/elasticsearch/client/java-api/master/java-specialized-queries.html,http://www.apache.org/licenses/LICENSE-2.0
jCache/elasticsearch/elasticsearch-5.0.0-alpha3/modules/lang-painless,antlr4-runtime-4.5.1-1.jar,ANTLR 4 Runtime,v 4.5.1-1,THE BSD LICENSE,v 4.5.3,,https://github.com/antlr/antlr4/releases,http://www.antlr.org/api/Java/,http://www.antlr.org/license.html
jCache/elasticsearch/elasticsearch-5.0.0-alpha3/modules/lang-painless,asm-5.0.4.jar,ASM Core,v 5.0.4,"APACHE LICENSE, VERSION 2.0BSD",v 6.0_ALPHA,,http://asm.ow2.org/,http://javadox.com/org.ow2.asm/asm/5.0.4/overview-summary.html,"http://www.apache.org/licenses/LICENSE-2.0http://asm.objectweb.org/license.html"
jCache/elasticsearch/elasticsearch-5.0.0-alpha3/modules/lang-painless,asm-commons-5.0.4.jar,ASM Commons,v 5.0.4,"APACHE LICENSE, VERSION 2.0BSD",v 6.0_ALPHA,,http://asm.ow2.org/,http://javadox.com/org.ow2.asm/asm-commons/5.0.4/overview-summary.html,"http://www.apache.org/licenses/LICENSE-2.0http://asm.objectweb.org/license.html"
jCache/elasticsearch/elasticsearch-5.0.0-alpha3/modules/lang-painless,asm-tree-5.0.4.jar,ASM Tree,v 5.0.4,"APACHE LICENSE, VERSION 2.0BSD",v 6.0_ALPHA,,http://asm.ow2.org/,http://javadox.com/org.ow2.asm/asm-tree/5.0.4/overview-summary.html,"http://www.apache.org/licenses/LICENSE-2.0http://asm.objectweb.org/license.html "
jCache/elasticsearch/elasticsearch-5.0.0-alpha3/modules/lang-painless,lang-painless-5.0.0-alpha3.jar,Lang Painless,v 5.0.0-alpha3,"APACHE LICENSE, VERSION 2.0",,,https://www.elastic.co/products/elasticsearch,https://www.elastic.co/guide/en/elasticsearch/reference/5.0/docs-reindex.html,http://www.apache.org/licenses/LICENSE-2.0
jCache/elasticsearch/elasticsearch-5.0.0-alpha3/modules/percolator,percolator-5.0.0-alpha3.jar,Percolator,v 5.0.0-alpha3,"APACHE LICENSE, VERSION 2.0",,,https://www.elastic.co/products/elasticsearch,https://www.elastic.co/guide/en/elasticsearch/reference/5.0/search-percolate.html,http://www.apache.org/licenses/LICENSE-2.0
jCache/elasticsearch/elasticsearch-5.0.0-alpha3/modules/reindex,reindex-5.0.0-alpha3.jar,Reindex,v 5.0.0-alpha3,"APACHE LICENSE, VERSION 2.0",v 5.0.0-beta1,,https://github.com/elastic/elasticsearch,https://www.elastic.co/guide/en/elasticsearch/reference/5.0/docs-reindex.html,http://www.apache.org/licenses/LICENSE-2.0
jCache/redisson,netty-all-4.0.26.Final.jar,Netty/All In One,v 4.0.26.Final,"APACHE LICENSE, VERSION 2.0",v 4.0.0.Alpha8,, http://netty.io/,http://netty.io/3.10/api/org/jboss/netty/channel/ChannelStateEvent.html,http://www.apache.org/licenses/LICENSE-2.0
jCache/redisson,redisson-1.2.1-SNAPSHOT.jar,Redisson ,v 1.2.1-SNAPSHOT,"APACHE LICENSE, VERSION 2.0",v 2.4.0,, http://redisson.org,https://jar-download.com/javaDoc/org.redisson/redisson/1.2.1/help-doc.html,http://www.apache.org/licenses/LICENSE-2.0
jCache/redisson,slf4j-api-1.7.10.jar,SLF4J API Module ,v 1.7.10,MIT LICENSE,v 1.7.21,,http://www.slf4j.org,http://www.slf4j.org/api/,http://www.apache.org/licenses/LICENSE-2.0
jSql,jtds-1.2.7.jar,JTDS,v 1.2.7,LGPL,v 1.3.1,,http://jtds.sourceforge.net,http://jtds.sourceforge.net/doc/,http://www.gnu.org/copyleft/lesser.html
jSql,mysql-connector-java-5.1.15-bin.jar,MySQL Connector,v 5.1.15-bin,"THE GNU GENERAL PUBLIC LICENSE, VERSION 2",v 6.0.4,,http://dev.mysql.com,http://dev.mysql.com/doc/,http://www.gnu.org/licenses/gpl.txt
jSql,ojdbc6.jar,OJdbc6,,ORACLE TECHNOLOGY NETWORK DEVELOPMENT AND DISTRIBUTION LICENSE TERMS,,,http://www.oracle.com/technology/software/tech/java/sqlj_jdbc/index.html,http://docs.oracle.com/javase/7/docs/technotes/guides/jdbc/,http://www.oracle.com/technology/software/htdocs/distlic.html
jSql,sqlite-jdbc-3.7.2.jar,SQLite JDBC,v 3.7.2,"APACHE LICENSE, VERSION 2.0",v 3.14.2.1,,https://www.sqlite.org,https://www.sqlite.org/docs.html,http://www.apache.org/licenses/LICENSE-2.0
jStore,leveldbjni-all-1.8.jar,Leveldbjni All,v 1.8,"APACHE LICENSE, VERSION 2.0THE BSD 3-CLAUSE LICENSE",,,https://github.com/fusesource/leveldbjni,https://github.com/fusesource/leveldbjni,"http://www.apache.org/licenses/LICENSE-2.0http://www.opensource.org/licenses/BSD-3-Clause"
jStore,rocksdbjni-4.0.jar,RocksDB JNI ,v 4.0,"APACHE LICENSE, VERSION 2.0",v 4.11.2,,http://rocksdb.org/,https://github.com/fusesource/leveldbjni,http://www.apache.org/licenses/LICENSE-2.0
javax,javax.mail-api-1.4.6.jar,JavaMail API (compat) ,v 1.4.6,"CDDL GPLV2+CE",v 1.5.0-b01,,http://docs.oracle.com/,http://docs.oracle.com/javaee/5/api/javax/mail/package-summary.html,"http://www.sun.com/cddlhttps://glassfish.java.net/public/CDDL+GPL_1_1.html"
javax,servlet-api-3.0.jar,Java Servlet API,v 3.0,CDDL + GPLV2 WITH CLASSPATH EXCEPTION,v 4.0.0-b01,, http://servlet-spec.java.net,https://tomcat.apache.org/tomcat-7.0-doc/servletapi/index.html?overview-summary.html,https://glassfish.dev.java.net/nonav/public/CDDL+GPL.html
ldap,unboundid-ldapsdk-se.jar,UnboundID LDAP SDK,,"GNU GENERAL PUBLIC LICENSE VERSION 2 GNU LESSER GENERAL PUBLIC LICENSE VERSION 2.1 UNBOUNDID LDAP SDK FREE USE LICENSE",v 3.2.0,, http://www.unboundid.com/,https://docs.ldap.com/ldap-sdk/docs/javadoc/index.html,"http://www.gnu.org/licenses/old-licenses/gpl-2.0.txthttp://www.gnu.org/licenses/old-licenses/lgpl-2.1.txthttp://www.unboundid.com/products/ldapsdk/docs/LICENSE-nboundID-LDAPSDK.txt"
log4j/apache-log4j-1.2.17,log4j-1.2.17.jar,Apache Log4j,v 1.2.17,"APACHE LICENSE, VERSION 2.0",v 1.2.17-atlassian-1,,http://logging.apache.org/log4j/1.2/,https://logging.apache.org/log4j/1.2/apidocs/,http://www.opensource.org/licenses/mit-license.php
picodedTests-only/embedded-redis,embedded-redis-0.4.jar,Embedded Redis ,v 0.4,"APACHE LICENSE, VERSION 2.0",v 0.6,,https://github.com/gbrd/embedded-redis,https://github.com/kstyrc/embedded-redis,http://www.apache.org/licenses/LICENSE-2.0
picodedTests-only/junit,ant-junit-1.9.2.jar,Apache Ant + JUnit,v 1.9.2,"APACHE LICENSE, VERSION 2.0",v 1.9.7,,http://ant.apache.org/,https://ant.apache.org/manual/Tasks/junit.html,http://www.apache.org/licenses/LICENSE-2.0
picodedTests-only/junit,hamcrest-core-1.3.jar,Hamcrest Core,v 1.3,NEW BSD LICENSE ,v 1.4-atlassian-1 ,,http://hamcrest.org,http://hamcrest.org/JavaHamcrest/javadoc/1.3/,http://www.opensource.org/licenses/bsd-license.php
picodedTests-only/junit,jacocoant.jar,JaCoCo Ant Tasks,,ECLIPSE PUBLIC LICENSE V1.0,v 0.7.7.201606060606,,http://www.eclemma.org,http://www.eclemma.org/jacoco/trunk/doc/ant.html,http://www.eclipse.org/legal/epl-v10.html
picodedTests-only/junit,junit-4.11.jar,JUnit,v 4.11,COMMON PUBLIC LICENSE VERSION 1.0,v 4.12,,http://junit.org,http://junit.org/junit4/javadoc/latest/,http://www.opensource.org/licenses/cpl1.0.txt
picodedTests-only/mockito,mockito-all-1.10.19.jar,Mockito,v 1.10.19,MIT LICENSE,v 2.0.2-beta,, http://www.mockito.org,http://site.mockito.org/mockito/docs/1.10.19/org/mockito/Mockito.html,http://github.com/mockito/mockito/blob/master/LICENSE
security,jce.jar,Java Cryptography Extension,,"APACHE LICENSE, VERSION 2.0",,,http://docs.oracle.com/,http://docs.oracle.com/javase/8/docs/technotes/guides/security/crypto/CryptoSpec.html,http://www.apache.org/licenses/LICENSE-2.0
servletUtils,tomcat-embed-core.jar,Tomcat Embed Core,,"APACHE LICENSE, VERSION 2.0",,, http://tomcat.apache.org/,https://tomcat.apache.org/tomcat-7.0-doc/api/,http://www.apache.org/licenses/LICENSE-2.0
servletUtils,tomcat-embed-jasper.jar,Tomcat Embed Jasper,,"APACHE LICENSE, VERSION 2.0",,,http://tomcat.apache.org/,https://tomcat.apache.org/tomcat-7.0-doc/api/,http://www.apache.org/licenses/LICENSE-2.0
servletUtils,tomcat-embed-logging-juli.jar,Tomcat Embed Logging Juli,,"APACHE LICENSE, VERSION 2.0",,, http://tomcat.apache.org/,https://tomcat.apache.org/tomcat-7.0-doc/api/,http://www.apache.org/licenses/LICENSE-2.0
webUtils,async-http-client-1.9.29.jar,Asynchronous Http Client,v 1.9.29,"APACHE LICENSE, VERSION 2.0",v 1.9.39,,http://github.com/AsyncHttpClient/async-http-client,http://www.javadoc.io/doc/com.ning/async-http-client/1.9.29,http://www.apache.org/licenses/LICENSE-2.0
webUtils,javax.websocket-api-1.1.jar,WebSocket Server API,v 1.1,DUAL LICENSE CONSISTING OF THE CDDL V1.1 AND GPL V2,,, http://websocket-spec.java.net,https://docs.oracle.com/javaee/7/api/javax/websocket/package-summary.html,https://glassfish.java.net/public/CDDL+GPL_1_1.html
webUtils,mail.jar,JavaMail API (compat),,"CDDLGPLv2+CE",,,https://javamail.java.net/,https://javamail.java.net/nonav/docs/api/,"http://www.sun.com/cddlhttps://glassfish.java.net/public/CDDL+GPL_1_1.html"
webUtils,netty-3.10.4.Final.jar,Netty/All In One,v 3.10.4,"APACHE LICENSE, VERSION 2.0",v 4.0.0.Alpha8,, http://netty.io/,http://netty.io/3.10/api/org/jboss/netty/channel/ChannelStateEvent.html,http://www.apache.org/licenses/LICENSE-2.0
webUtils,tyrus-standalone-client-1.11.jar,Tyrus Standalone Client,v 1.11,DUAL LICENSE CONSISTING OF THE CDDL V1.1 AND GPL V2,,,https://tyrus.java.net/,https://tyrus.java.net/documentation/1.13/user-guide.html,http://glassfish.java.net/public/CDDL+GPL_1_1.html